Target_Residue,Target_Chain,Query_Atom,Neighbor_Residue,Neighbor_Chain,Neighbor_Atom,Distance_Angstroms_Native,Distance_Angstroms_Modified,Distance_Change
Asparagine 368,A,C,ASP 365,A,O,3.852003,,
Asparagine 368,A,C,GLY 369,A,C,3.2710233,,
Asparagine 368,A,C,GLY 369,A,CA,2.4753735,,
Asparagine 368,A,C,GLY 369,A,N,1.3570952,,
Asparagine 368,A,C,LEU 367,A,C,3.233721,,
Asparagine 368,A,C,LEU 367,A,O,3.3385162,,
Asparagine 368,A,C,LYS 370,A,N,3.5100253,,
Asparagine 368,A,CA,ASP 365,A,O,3.9176385,,
Asparagine 368,A,CA,GLN 364,A,O,3.6383743,,
Asparagine 368,A,CA,GLY 369,A,CA,3.859832,,
Asparagine 368,A,CA,GLY 369,A,N,2.4843767,,
Asparagine 368,A,CA,LEU 367,A,C,2.4729042,,
Asparagine 368,A,CA,LEU 367,A,CA,3.8595102,,
Asparagine 368,A,CA,LEU 367,A,O,2.8226142,,
Asparagine 368,A,CB,ASP 365,A,O,3.8723469,,
Asparagine 368,A,CB,GLN 364,A,O,3.1913145,,
Asparagine 368,A,CB,GLY 369,A,N,3.5477493,,
Asparagine 368,A,CB,LEU 367,A,C,3.6982543,,
Asparagine 368,A,CG,GLN 364,A,NE2,3.56585,,
Asparagine 368,A,CG,GLN 364,A,O,3.0547228,,
Asparagine 368,A,N,ASP 365,A,C,3.9571474,,
Asparagine 368,A,N,ASP 365,A,O,3.5348253,,
Asparagine 368,A,N,GLN 364,A,C,3.9959004,,
Asparagine 368,A,N,GLN 364,A,O,2.8742359,,
Asparagine 368,A,N,GLY 369,A,N,2.7633126,,
Asparagine 368,A,N,LEU 367,A,C,1.3317736,,
Asparagine 368,A,N,LEU 367,A,CA,2.4692028,,
Asparagine 368,A,N,LEU 367,A,CB,3.320998,,
Asparagine 368,A,N,LEU 367,A,N,2.8175085,,
Asparagine 368,A,N,LEU 367,A,O,2.2497625,,
Asparagine 368,A,N,TRP 366,A,C,3.268951,,
Asparagine 368,A,N,TRP 366,A,O,3.333712,,
Asparagine 368,A,ND2,GLN 364,A,CG,3.5323381,,
Asparagine 368,A,ND2,GLN 364,A,NE2,3.6148784,,
Asparagine 368,A,ND2,GLN 364,A,O,3.2288425,,
Asparagine 368,A,O,GLY 369,A,C,3.3326387,,
Asparagine 368,A,O,GLY 369,A,CA,2.8121006,,
Asparagine 368,A,O,GLY 369,A,N,2.2613156,,
Asparagine 368,A,O,LYS 370,A,N,3.7491758,,
Asparagine 368,A,OD1,GLN 364,A,CD,3.963136,,
Asparagine 368,A,OD1,GLN 364,A,NE2,2.93237,,
Asparagine 368,A,OD1,GLN 364,A,O,3.5677273,,
Asparagine 368,A,OD1,LEU 367,A,C,3.96999,,
Aspartic Acid 368,A,C,ASP 365,A,O,,3.9933054,
Aspartic Acid 368,A,C,GLY 369,A,C,,3.2919002,
Aspartic Acid 368,A,C,GLY 369,A,CA,,2.4692183,
Aspartic Acid 368,A,C,GLY 369,A,N,,1.3432139,
Aspartic Acid 368,A,C,LEU 367,A,C,,3.192618,
Aspartic Acid 368,A,C,LEU 367,A,O,,3.2702312,
Aspartic Acid 368,A,C,LYS 370,A,N,,3.5386322,
Aspartic Acid 368,A,CA,GLN 364,A,O,,3.6245623,
Aspartic Acid 368,A,CA,GLY 369,A,CA,,3.8547294,
Aspartic Acid 368,A,CA,GLY 369,A,N,,2.4711082,
Aspartic Acid 368,A,CA,LEU 367,A,C,,2.4751205,
Aspartic Acid 368,A,CA,LEU 367,A,CA,,3.8625863,
Aspartic Acid 368,A,CA,LEU 367,A,O,,2.8317366,
Aspartic Acid 368,A,CB,ASP 365,A,O,,3.9879534,
Aspartic Acid 368,A,CB,GLN 364,A,O,,3.2937825,
Aspartic Acid 368,A,CB,GLY 369,A,N,,3.4990203,
Aspartic Acid 368,A,CB,LEU 367,A,C,,3.719908,
Aspartic Acid 368,A,CG,GLN 364,A,CG,,3.9583662,
Aspartic Acid 368,A,CG,GLN 364,A,NE2,,3.4098978,
Aspartic Acid 368,A,CG,GLN 364,A,O,,3.1396503,
Aspartic Acid 368,A,N,ASP 365,A,O,,3.6994789,
Aspartic Acid 368,A,N,GLN 364,A,C,,3.968046,
Aspartic Acid 368,A,N,GLN 364,A,O,,2.7725346,
Aspartic Acid 368,A,N,GLY 369,A,N,,2.7370236,
Aspartic Acid 368,A,N,LEU 367,A,C,,1.3310422,
Aspartic Acid 368,A,N,LEU 367,A,CA,,2.4667299,
Aspartic Acid 368,A,N,LEU 367,A,CB,,3.3075137,
Aspartic Acid 368,A,N,LEU 367,A,N,,2.817352,
Aspartic Acid 368,A,N,LEU 367,A,O,,2.2510834,
Aspartic Acid 368,A,N,TRP 366,A,C,,3.308994,
Aspartic Acid 368,A,N,TRP 366,A,O,,3.4277697,
Aspartic Acid 368,A,O,GLY 369,A,C,,3.3789184,
Aspartic Acid 368,A,O,GLY 369,A,CA,,2.7968652,
Aspartic Acid 368,A,O,GLY 369,A,N,,2.2450035,
Aspartic Acid 368,A,O,LYS 370,A,N,,3.8239117,
Aspartic Acid 368,A,OD1,GLN 364,A,CD,,3.772896,
Aspartic Acid 368,A,OD1,GLN 364,A,NE2,,2.7259648,
Aspartic Acid 368,A,OD1,GLN 364,A,O,,3.607579,
Aspartic Acid 368,A,OD1,LEU 367,A,C,,3.9612815,
Aspartic Acid 368,A,OD2,GLN 364,A,C,,3.8899298,
Aspartic Acid 368,A,OD2,GLN 364,A,CD,,3.9551091,
Aspartic Acid 368,A,OD2,GLN 364,A,CG,,3.367197,
Aspartic Acid 368,A,OD2,GLN 364,A,NE2,,3.537795,
Aspartic Acid 368,A,OD2,GLN 364,A,O,,3.322275,
Methionine 172,A,C,GLY 171,A,C,3.612351,3.6244707,0.01211977
Methionine 172,A,C,ILE 173,A,C,3.6033998,3.621332,0.017932177
Methionine 172,A,C,ILE 173,A,CA,2.4813774,2.497761,0.016383648
Methionine 172,A,C,ILE 173,A,CB,3.4076874,3.4083247,0.00063729286
Methionine 172,A,C,ILE 173,A,N,1.3326542,1.3346803,0.002026081
Methionine 172,A,C,LEU 192,A,CD1,3.6932342,3.62523,-0.06800413
Methionine 172,A,C,MET 156,A,O,3.5344775,3.5094092,-0.025068283
Methionine 172,A,C,TRP 155,A,CE3,3.8795743,3.9111283,0.031553984
Methionine 172,A,CA,ARG 181,A,O,3.9102347,3.880278,-0.02995658
Methionine 172,A,CA,GLY 171,A,C,2.4572718,2.4603715,0.00309968
Methionine 172,A,CA,GLY 171,A,CA,3.7966464,3.8034403,0.006793976
Methionine 172,A,CA,GLY 171,A,O,2.8310997,2.8258264,-0.005273342
Methionine 172,A,CA,ILE 173,A,CA,3.8394299,3.854679,0.015249252
Methionine 172,A,CA,ILE 173,A,N,2.4383514,2.4423795,0.004028082
Methionine 172,A,CA,LEU 192,A,CD1,3.9717321,3.8847163,-0.08701587
Methionine 172,A,CA,MET 156,A,O,3.2028506,3.1712894,-0.031561136
Methionine 172,A,CB,ASN 157,A,OD1,3.5467036,3.4922707,-0.05443287
Methionine 172,A,CB,GLY 171,A,C,3.3472893,3.3345642,-0.012725115
Methionine 172,A,CB,GLY 171,A,O,3.6140866,3.5916936,-0.022392988
Methionine 172,A,CB,ILE 173,A,N,3.235948,3.229441,-0.0065071583
Methionine 172,A,CB,MET 156,A,O,3.6730232,3.609903,-0.06312013
Methionine 172,A,CB,TRP 155,A,CE3,3.8791118,3.929535,0.050423145
Methionine 172,A,CE,ASN 157,A,OD1,3.8673816,3.9608474,0.093465805
Methionine 172,A,CE,TYR 101,A,CE2,,3.782033,
Methionine 172,A,CE,TYR 101,A,CZ,,3.8345673,
Methionine 172,A,CG,ARG 181,A,CB,3.8159971,3.8111289,-0.004868269
Methionine 172,A,CG,ARG 181,A,O,3.8564692,3.840881,-0.015588045
Methionine 172,A,CG,ILE 173,A,N,3.94655,3.9118218,-0.03472805
Methionine 172,A,CG,TRP 155,A,CE3,3.4651155,3.488827,0.023711443
Methionine 172,A,CG,TRP 155,A,CZ3,3.7407634,3.7518158,0.01105237
Methionine 172,A,N,ARG 181,A,C,3.9435072,3.932562,-0.010945082
Methionine 172,A,N,ARG 181,A,O,2.8301191,2.8048496,-0.025269508
Methionine 172,A,N,GLY 171,A,C,1.3301896,1.3295597,-0.0006299019
Methionine 172,A,N,GLY 171,A,CA,2.4049373,2.4084578,0.0035204887
Methionine 172,A,N,GLY 171,A,N,3.6638381,3.6699872,0.0061490536
Methionine 172,A,N,GLY 171,A,O,2.2630808,2.2533696,-0.009711266
Methionine 172,A,N,ILE 173,A,N,3.6220245,3.63505,0.013025522
Methionine 172,A,N,LEU 192,A,CD1,3.625589,3.5447009,-0.08088803
Methionine 172,A,O,ARG 181,A,C,3.8873382,3.897737,0.010398865
Methionine 172,A,O,ARG 181,A,CA,3.801406,3.8148036,0.013397694
Methionine 172,A,O,ARG 181,A,N,2.8642597,2.866196,0.0019361973
Methionine 172,A,O,ARG 181,A,O,3.4615192,3.4390087,-0.022510529
Methionine 172,A,O,GLU 179,A,O,3.9936519,,
Methionine 172,A,O,GLY 171,A,C,3.9736094,3.9987416,0.02513218
Methionine 172,A,O,ILE 173,A,CA,2.8511136,2.853233,0.0021195412
Methionine 172,A,O,ILE 173,A,CB,3.672431,3.6705666,-0.0018644333
Methionine 172,A,O,ILE 173,A,N,2.2544026,2.246847,-0.007555723
Methionine 172,A,O,LEU 192,A,CD1,3.7145026,3.6748805,-0.03962207
Methionine 172,A,O,TRP 155,A,CZ3,3.8911242,3.9039183,0.012794018
Methionine 172,A,O,VAL 180,A,C,3.6427407,3.634151,-0.008589745
Methionine 172,A,O,VAL 180,A,CA,3.4805634,3.465452,-0.015111446
Methionine 172,A,O,VAL 180,A,CG1,3.9398992,3.9099202,-0.02997899
Methionine 172,A,O_MOD,TRP 155,A,CD2,,2.827461,
Methionine 172,A,O_MOD,TRP 155,A,CE2,,3.4752662,
Methionine 172,A,O_MOD,TRP 155,A,CE3,,2.5445359,
Methionine 172,A,O_MOD,TRP 155,A,CG,,3.5003638,
Methionine 172,A,O_MOD,TRP 155,A,CH2,,3.6422725,
Methionine 172,A,O_MOD,TRP 155,A,CZ2,,3.851119,
Methionine 172,A,O_MOD,TRP 155,A,CZ3,,3.0140672,
Methionine 172,A,SD,TRP 155,A,CE3,3.872139,3.9239511,0.051812172
Methionine 4,A,C,ARG 24,A,O,3.556429,3.5556986,-0.0007302761
Methionine 4,A,C,THR 5,A,C,3.3702352,3.3826354,0.01240015
Methionine 4,A,C,THR 5,A,CA,2.4715135,2.4723904,0.00087690353
Methionine 4,A,C,THR 5,A,CB,3.622352,3.6172023,-0.005149603
Methionine 4,A,C,THR 5,A,N,1.3301809,1.330157,-2.3841858e-05
Methionine 4,A,C,THR 5,A,O,,3.9855626,
Methionine 4,A,C,THR 5,A,OG1,3.6987638,3.6850123,-0.013751507
Methionine 4,A,C,VAL 3,A,C,3.379177,3.3767805,-0.0023965836
Methionine 4,A,C,VAL 3,A,O,3.7202048,3.7328537,0.012648821
Methionine 4,A,CA,ARG 24,A,O,3.4821897,3.4641669,-0.018022776
Methionine 4,A,CA,THR 5,A,CA,3.8443966,3.8429155,-0.0014810562
Methionine 4,A,CA,THR 5,A,N,2.4441235,2.4440668,-5.6743622e-05
Methionine 4,A,CA,VAL 3,A,C,2.4719195,2.4750326,0.0031130314
Methionine 4,A,CA,VAL 3,A,CA,3.827888,3.8247843,-0.003103733
Methionine 4,A,CA,VAL 3,A,O,2.8377383,2.849035,0.011296749
Methionine 4,A,CB,GLY 104,A,CA,3.8113458,3.7332158,-0.07813001
Methionine 4,A,CB,GLY 104,A,N,3.5517485,3.5175745,-0.034173965
Methionine 4,A,CB,PHE 103,A,C,3.626563,3.6103873,-0.016175747
Methionine 4,A,CB,PHE 103,A,O,3.6290944,3.601649,-0.027445316
Methionine 4,A,CB,THR 5,A,N,3.5480015,3.5505307,0.0025291443
Methionine 4,A,CB,VAL 3,A,C,3.6083562,3.6122053,0.0038490295
Methionine 4,A,CE,CYS 23,A,SG,3.3568013,3.3599896,0.0031883717
Methionine 4,A,CE,LEU 38,A,CD1,3.5125387,3.4498265,-0.06271219
Methionine 4,A,CG,THR 102,A,O,3.872261,3.8558617,-0.016399384
Methionine 4,A,CG,THR 102,A,OG1,3.4253352,3.4407797,0.015444517
Methionine 4,A,CG,VAL 3,A,C,3.807835,3.8158188,0.007983685
Methionine 4,A,N,THR 5,A,N,3.3936546,3.3986278,0.004973173
Methionine 4,A,N,VAL 2,A,C,3.9749682,3.9915543,0.016586065
Methionine 4,A,N,VAL 2,A,O,3.7658317,3.8330886,0.06725693
Methionine 4,A,N,VAL 3,A,C,1.3316265,1.3386678,0.007041216
Methionine 4,A,N,VAL 3,A,CA,2.431315,2.4300354,-0.0012795925
Methionine 4,A,N,VAL 3,A,CB,3.435059,3.4451678,0.010108709
Methionine 4,A,N,VAL 3,A,CG1,3.420773,3.436113,0.01534009
Methionine 4,A,N,VAL 3,A,N,3.4715946,3.4675553,-0.0040392876
Methionine 4,A,N,VAL 3,A,O,2.2543411,2.266765,0.012423992
Methionine 4,A,O,GLN 6,A,N,3.91613,3.9751856,0.059055567
Methionine 4,A,O,GLY 104,A,CA,3.5356143,3.476142,-0.059472322
Methionine 4,A,O,PHE 103,A,O,3.8572042,3.9098527,0.052648544
Methionine 4,A,O,THR 5,A,C,3.6623254,3.6834652,0.02113986
Methionine 4,A,O,THR 5,A,CA,2.8017757,2.805037,0.0032613277
Methionine 4,A,O,THR 5,A,N,2.235267,2.237052,0.0017850399
Methionine 4,A,O_MOD,GLN 95,A,CG,,3.5065696,
Methionine 4,A,O_MOD,SER 25,A,OG,,3.5141833,
Methionine 4,A,O_MOD,THR 102,A,OG1,,3.453698,
Methionine 4,A,O_MOD,VAL 2,A,C,,3.7778091,
Methionine 4,A,O_MOD,VAL 2,A,CB,,3.6461153,
Methionine 4,A,O_MOD,VAL 2,A,CG1,,2.704097,
Methionine 4,A,O_MOD,VAL 2,A,O,,3.773529,
Methionine 4,A,O_MOD,VAL 3,A,C,,3.2250016,
Methionine 4,A,O_MOD,VAL 3,A,N,,3.9590511,
Methionine 4,A,O_MOD,VAL 3,A,O,,3.227845,
Methionine 4,A,SD,GLN 95,A,CB,3.9042556,3.8575127,-0.046742916
Methionine 4,A,SD,GLN 95,A,CG,3.689883,3.6461883,-0.043694735
Methionine 4,A,SD,SER 25,A,CA,3.8137894,3.9337127,0.11992335
Methionine 4,A,SD,SER 25,A,CB,3.4559171,3.774806,0.3188889
Methionine 4,A,SD,SER 25,A,OG,,3.7256792,
Methionine 4,A,SD,VAL 2,A,CG1,,3.9545252,
Methionine 411,A,C,GLU 410,A,C,3.156828,3.1418703,-0.014957666
Methionine 411,A,C,GLU 410,A,O,3.0813937,3.063738,-0.017655611
Methionine 411,A,C,LYS 413,A,N,3.311561,3.3458269,0.034265757
Methionine 411,A,C,THR 412,A,C,3.210214,3.236331,0.026117086
Methionine 411,A,C,THR 412,A,CA,2.4692504,2.4749253,0.005674839
Methionine 411,A,C,THR 412,A,CB,3.7308338,3.7268546,-0.003979206
Methionine 411,A,C,THR 412,A,N,1.3309193,1.3327657,0.0018464327
Methionine 411,A,CA,ARG 408,A,O,3.866034,3.7673326,-0.09870148
Methionine 411,A,CA,GLU 410,A,C,2.4851103,2.475283,-0.009827375
Methionine 411,A,CA,GLU 410,A,CA,3.8729806,3.8665047,-0.0064759254
Methionine 411,A,CA,GLU 410,A,O,2.8095727,2.7922657,-0.017307043
Methionine 411,A,CA,THR 412,A,CA,3.8644376,3.862901,-0.0015366077
Methionine 411,A,CA,THR 412,A,N,2.4801755,2.4740663,-0.0061092377
Methionine 411,A,CB,ARG 408,A,O,3.4271333,3.3789268,-0.048206568
Methionine 411,A,CB,GLU 410,A,C,3.747919,3.7422805,-0.0056385994
Methionine 411,A,CB,THR 412,A,N,3.5102232,3.5041463,-0.0060768127
Methionine 411,A,CE,GLN 471,A,CG,,3.8990293,
Methionine 411,A,CE,GLN 471,A,NE2,,3.9965634,
Methionine 411,A,CE,TRP 470,A,CD1,3.8076782,3.8017282,-0.005949974
Methionine 411,A,CG,ARG 408,A,O,,3.997819,
Methionine 411,A,CG,SER 407,A,O,3.45801,3.4288774,-0.029132605
Methionine 411,A,N,ARG 408,A,C,3.9000983,3.8259122,-0.07418609
Methionine 411,A,N,ARG 408,A,O,3.4030533,3.2951314,-0.10792184
Methionine 411,A,N,GLU 409,A,C,3.2306774,3.2427976,0.012120247
Methionine 411,A,N,GLU 409,A,O,3.3235934,3.3424814,0.018887997
Methionine 411,A,N,GLU 410,A,C,1.3346136,1.3378246,0.0032110214
Methionine 411,A,N,GLU 410,A,CA,2.4700863,2.471465,0.0013787746
Methionine 411,A,N,GLU 410,A,CB,3.3729737,3.3285668,-0.04440689
Methionine 411,A,N,GLU 410,A,N,2.7919369,2.8041523,0.012215376
Methionine 411,A,N,GLU 410,A,O,2.2346156,2.2397604,0.0051448345
Methionine 411,A,N,SER 407,A,O,3.3279395,3.328744,0.0008044243
Methionine 411,A,N,THR 412,A,N,2.8072648,2.7922697,-0.014995098
Methionine 411,A,O,GLU 410,A,O,3.9996123,3.951927,-0.047685385
Methionine 411,A,O,LYS 413,A,N,3.6213272,3.6735058,0.05217862
Methionine 411,A,O,LYS 413,A,O,3.894586,3.9751337,0.08054757
Methionine 411,A,O,LYS 467,A,CD,3.2363245,3.1903694,-0.04595518
Methionine 411,A,O,LYS 467,A,CE,3.8757808,3.8522584,-0.023522377
Methionine 411,A,O,LYS 467,A,NZ,3.2875764,3.311252,0.02367568
Methionine 411,A,O,THR 412,A,C,3.3205733,3.3640926,0.04351926
Methionine 411,A,O,THR 412,A,CA,2.792535,2.7998343,0.007299185
Methionine 411,A,O,THR 412,A,N,2.2354424,2.237998,0.0025556087
Methionine 411,A,O_MOD,GLU 410,A,C,,3.984606,
Methionine 411,A,O_MOD,PRO 406,A,CB,,2.9264486,
Methionine 411,A,O_MOD,PRO 406,A,CG,,3.5285575,
Methionine 411,A,O_MOD,SER 407,A,O,,3.4773417,
Methionine 411,A,O_MOD,VAL 416,A,CB,,3.9655194,
Methionine 411,A,O_MOD,VAL 416,A,CG1,,3.329205,
Methionine 411,A,SD,TRP 470,A,CD1,3.9040892,3.8210418,-0.08304739
Methionine 411,A,SD,VAL 416,A,CG1,3.7966359,3.9035869,0.106951
