Target_Residue,Target_Chain,Query_Atom,Neighbor_Residue,Neighbor_Chain,Neighbor_Atom,Distance_Angstroms
Methionine 4,A,C,THR 5,A,N,1.330157
Methionine 4,A,N,VAL 3,A,C,1.3386678
Methionine 4,A,O,THR 5,A,N,2.237052
Methionine 4,A,N,VAL 3,A,O,2.266765
Methionine 4,A,N,VAL 3,A,CA,2.4300354
Methionine 4,A,CA,THR 5,A,N,2.4440668
Methionine 4,A,C,THR 5,A,CA,2.4723904
Methionine 4,A,CA,VAL 3,A,C,2.4750326
Methionine 4,A,O_MOD,VAL 2,A,CG1,2.704097
Methionine 4,A,O,THR 5,A,CA,2.805037
Methionine 4,A,CA,VAL 3,A,O,2.849035
Methionine 4,A,O_MOD,VAL 3,A,C,3.2250016
Methionine 4,A,O_MOD,VAL 3,A,O,3.227845
Methionine 4,A,CE,CYS 23,A,SG,3.3599896
Methionine 4,A,C,VAL 3,A,C,3.3767805
Methionine 4,A,C,THR 5,A,C,3.3826354
Methionine 4,A,N,THR 5,A,N,3.3986278
Methionine 4,A,N,VAL 3,A,CG1,3.436113
Methionine 4,A,CG,THR 102,A,OG1,3.4407797
Methionine 4,A,N,VAL 3,A,CB,3.4451678
Methionine 4,A,CE,LEU 38,A,CD1,3.4498265
Methionine 4,A,O_MOD,THR 102,A,OG1,3.453698
Methionine 4,A,CA,ARG 24,A,O,3.4641669
Methionine 4,A,N,VAL 3,A,N,3.4675553
Methionine 4,A,O,GLY 104,A,CA,3.476142
Methionine 4,A,O_MOD,GLN 95,A,CG,3.5065696
Methionine 4,A,O_MOD,SER 25,A,OG,3.5141833
Methionine 4,A,CB,GLY 104,A,N,3.5175745
Methionine 4,A,CB,THR 5,A,N,3.5505307
Methionine 4,A,C,ARG 24,A,O,3.5556986
Methionine 4,A,CB,PHE 103,A,O,3.601649
Methionine 4,A,CB,PHE 103,A,C,3.6103873
Methionine 4,A,CB,VAL 3,A,C,3.6122053
Methionine 4,A,C,THR 5,A,CB,3.6172023
Methionine 4,A,O_MOD,VAL 2,A,CB,3.6461153
Methionine 4,A,SD,GLN 95,A,CG,3.6461883
Methionine 4,A,O,THR 5,A,C,3.6834652
Methionine 4,A,C,THR 5,A,OG1,3.6850123
Methionine 4,A,SD,SER 25,A,OG,3.7256792
Methionine 4,A,C,VAL 3,A,O,3.7328537
Methionine 4,A,CB,GLY 104,A,CA,3.7332158
Methionine 4,A,O_MOD,VAL 2,A,O,3.773529
Methionine 4,A,SD,SER 25,A,CB,3.774806
Methionine 4,A,O_MOD,VAL 2,A,C,3.7778091
Methionine 4,A,CG,VAL 3,A,C,3.8158188
Methionine 4,A,CA,VAL 3,A,CA,3.8247843
Methionine 4,A,N,VAL 2,A,O,3.8330886
Methionine 4,A,CA,THR 5,A,CA,3.8429155
Methionine 4,A,CG,THR 102,A,O,3.8558617
Methionine 4,A,SD,GLN 95,A,CB,3.8575127
Methionine 4,A,O,PHE 103,A,O,3.9098527
Methionine 4,A,SD,SER 25,A,CA,3.9337127
Methionine 4,A,SD,VAL 2,A,CG1,3.9545252
Methionine 4,A,O_MOD,VAL 3,A,N,3.9590511
Methionine 4,A,O,GLN 6,A,N,3.9751856
Methionine 4,A,C,THR 5,A,O,3.9855626
Methionine 4,A,N,VAL 2,A,C,3.9915543
Methionine 172,A,N,GLY 171,A,C,1.3295597
Methionine 172,A,C,ILE 173,A,N,1.3346803
Methionine 172,A,O,ILE 173,A,N,2.246847
Methionine 172,A,N,GLY 171,A,O,2.2533696
Methionine 172,A,N,GLY 171,A,CA,2.4084578
Methionine 172,A,CA,ILE 173,A,N,2.4423795
Methionine 172,A,CA,GLY 171,A,C,2.4603715
Methionine 172,A,C,ILE 173,A,CA,2.497761
Methionine 172,A,O_MOD,TRP 155,A,CE3,2.5445359
Methionine 172,A,N,ARG 181,A,O,2.8048496
Methionine 172,A,CA,GLY 171,A,O,2.8258264
Methionine 172,A,O_MOD,TRP 155,A,CD2,2.827461
Methionine 172,A,O,ILE 173,A,CA,2.853233
Methionine 172,A,O,ARG 181,A,N,2.866196
Methionine 172,A,O_MOD,TRP 155,A,CZ3,3.0140672
Methionine 172,A,CA,MET 156,A,O,3.1712894
Methionine 172,A,CB,ILE 173,A,N,3.229441
Methionine 172,A,CB,GLY 171,A,C,3.3345642
Methionine 172,A,C,ILE 173,A,CB,3.4083247
Methionine 172,A,O,ARG 181,A,O,3.4390087
Methionine 172,A,O,VAL 180,A,CA,3.465452
Methionine 172,A,O_MOD,TRP 155,A,CE2,3.4752662
Methionine 172,A,CG,TRP 155,A,CE3,3.488827
Methionine 172,A,CB,ASN 157,A,OD1,3.4922707
Methionine 172,A,O_MOD,TRP 155,A,CG,3.5003638
Methionine 172,A,C,MET 156,A,O,3.5094092
Methionine 172,A,N,LEU 192,A,CD1,3.5447009
Methionine 172,A,CB,GLY 171,A,O,3.5916936
Methionine 172,A,CB,MET 156,A,O,3.609903
Methionine 172,A,C,ILE 173,A,C,3.621332
Methionine 172,A,C,GLY 171,A,C,3.6244707
Methionine 172,A,C,LEU 192,A,CD1,3.62523
Methionine 172,A,O,VAL 180,A,C,3.634151
Methionine 172,A,N,ILE 173,A,N,3.63505
Methionine 172,A,O_MOD,TRP 155,A,CH2,3.6422725
Methionine 172,A,N,GLY 171,A,N,3.6699872
Methionine 172,A,O,ILE 173,A,CB,3.6705666
Methionine 172,A,O,LEU 192,A,CD1,3.6748805
Methionine 172,A,CG,TRP 155,A,CZ3,3.7518158
Methionine 172,A,CE,TYR 101,A,CE2,3.782033
Methionine 172,A,CA,GLY 171,A,CA,3.8034403
Methionine 172,A,CG,ARG 181,A,CB,3.8111289
Methionine 172,A,O,ARG 181,A,CA,3.8148036
Methionine 172,A,CE,TYR 101,A,CZ,3.8345673
Methionine 172,A,CG,ARG 181,A,O,3.840881
Methionine 172,A,O_MOD,TRP 155,A,CZ2,3.851119
Methionine 172,A,CA,ILE 173,A,CA,3.854679
Methionine 172,A,CA,ARG 181,A,O,3.880278
Methionine 172,A,CA,LEU 192,A,CD1,3.8847163
Methionine 172,A,O,ARG 181,A,C,3.897737
Methionine 172,A,O,TRP 155,A,CZ3,3.9039183
Methionine 172,A,O,VAL 180,A,CG1,3.9099202
Methionine 172,A,C,TRP 155,A,CE3,3.9111283
Methionine 172,A,CG,ILE 173,A,N,3.9118218
Methionine 172,A,SD,TRP 155,A,CE3,3.9239511
Methionine 172,A,CB,TRP 155,A,CE3,3.929535
Methionine 172,A,N,ARG 181,A,C,3.932562
Methionine 172,A,CE,ASN 157,A,OD1,3.9608474
Methionine 172,A,O,GLY 171,A,C,3.9987416
Methionine 411,A,C,THR 412,A,N,1.3327657
Methionine 411,A,N,GLU 410,A,C,1.3378246
Methionine 411,A,O,THR 412,A,N,2.237998
Methionine 411,A,N,GLU 410,A,O,2.2397604
Methionine 411,A,N,GLU 410,A,CA,2.471465
Methionine 411,A,CA,THR 412,A,N,2.4740663
Methionine 411,A,C,THR 412,A,CA,2.4749253
Methionine 411,A,CA,GLU 410,A,C,2.475283
Methionine 411,A,CA,GLU 410,A,O,2.7922657
Methionine 411,A,N,THR 412,A,N,2.7922697
Methionine 411,A,O,THR 412,A,CA,2.7998343
Methionine 411,A,N,GLU 410,A,N,2.8041523
Methionine 411,A,O_MOD,PRO 406,A,CB,2.9264486
Methionine 411,A,C,GLU 410,A,O,3.063738
Methionine 411,A,C,GLU 410,A,C,3.1418703
Methionine 411,A,O,LYS 467,A,CD,3.1903694
Methionine 411,A,C,THR 412,A,C,3.236331
Methionine 411,A,N,GLU 409,A,C,3.2427976
Methionine 411,A,N,ARG 408,A,O,3.2951314
Methionine 411,A,O,LYS 467,A,NZ,3.311252
Methionine 411,A,N,GLU 410,A,CB,3.3285668
Methionine 411,A,N,SER 407,A,O,3.328744
Methionine 411,A,O_MOD,VAL 416,A,CG1,3.329205
Methionine 411,A,N,GLU 409,A,O,3.3424814
Methionine 411,A,C,LYS 413,A,N,3.3458269
Methionine 411,A,O,THR 412,A,C,3.3640926
Methionine 411,A,CB,ARG 408,A,O,3.3789268
Methionine 411,A,CG,SER 407,A,O,3.4288774
Methionine 411,A,O_MOD,SER 407,A,O,3.4773417
Methionine 411,A,CB,THR 412,A,N,3.5041463
Methionine 411,A,O_MOD,PRO 406,A,CG,3.5285575
Methionine 411,A,O,LYS 413,A,N,3.6735058
Methionine 411,A,C,THR 412,A,CB,3.7268546
Methionine 411,A,CB,GLU 410,A,C,3.7422805
Methionine 411,A,CA,ARG 408,A,O,3.7673326
Methionine 411,A,CE,TRP 470,A,CD1,3.8017282
Methionine 411,A,SD,TRP 470,A,CD1,3.8210418
Methionine 411,A,N,ARG 408,A,C,3.8259122
Methionine 411,A,O,LYS 467,A,CE,3.8522584
Methionine 411,A,CA,THR 412,A,CA,3.862901
Methionine 411,A,CA,GLU 410,A,CA,3.8665047
Methionine 411,A,CE,GLN 471,A,CG,3.8990293
Methionine 411,A,SD,VAL 416,A,CG1,3.9035869
Methionine 411,A,O,GLU 410,A,O,3.951927
Methionine 411,A,O_MOD,VAL 416,A,CB,3.9655194
Methionine 411,A,O,LYS 413,A,O,3.9751337
Methionine 411,A,O_MOD,GLU 410,A,C,3.984606
Methionine 411,A,CE,GLN 471,A,NE2,3.9965634
Methionine 411,A,CG,ARG 408,A,O,3.997819
Aspartic Acid 368,A,N,LEU 367,A,C,1.3310422
Aspartic Acid 368,A,C,GLY 369,A,N,1.3432139
Aspartic Acid 368,A,O,GLY 369,A,N,2.2450035
Aspartic Acid 368,A,N,LEU 367,A,O,2.2510834
Aspartic Acid 368,A,N,LEU 367,A,CA,2.4667299
Aspartic Acid 368,A,C,GLY 369,A,CA,2.4692183
Aspartic Acid 368,A,CA,GLY 369,A,N,2.4711082
Aspartic Acid 368,A,CA,LEU 367,A,C,2.4751205
Aspartic Acid 368,A,OD1,GLN 364,A,NE2,2.7259648
Aspartic Acid 368,A,N,GLY 369,A,N,2.7370236
Aspartic Acid 368,A,N,GLN 364,A,O,2.7725346
Aspartic Acid 368,A,O,GLY 369,A,CA,2.7968652
Aspartic Acid 368,A,N,LEU 367,A,N,2.817352
Aspartic Acid 368,A,CA,LEU 367,A,O,2.8317366
Aspartic Acid 368,A,CG,GLN 364,A,O,3.1396503
Aspartic Acid 368,A,C,LEU 367,A,C,3.192618
Aspartic Acid 368,A,C,LEU 367,A,O,3.2702312
Aspartic Acid 368,A,C,GLY 369,A,C,3.2919002
Aspartic Acid 368,A,CB,GLN 364,A,O,3.2937825
Aspartic Acid 368,A,N,LEU 367,A,CB,3.3075137
Aspartic Acid 368,A,N,TRP 366,A,C,3.308994
Aspartic Acid 368,A,OD2,GLN 364,A,O,3.322275
Aspartic Acid 368,A,OD2,GLN 364,A,CG,3.367197
Aspartic Acid 368,A,O,GLY 369,A,C,3.3789184
Aspartic Acid 368,A,CG,GLN 364,A,NE2,3.4098978
Aspartic Acid 368,A,N,TRP 366,A,O,3.4277697
Aspartic Acid 368,A,CB,GLY 369,A,N,3.4990203
Aspartic Acid 368,A,OD2,GLN 364,A,NE2,3.537795
Aspartic Acid 368,A,C,LYS 370,A,N,3.5386322
Aspartic Acid 368,A,OD1,GLN 364,A,O,3.607579
Aspartic Acid 368,A,CA,GLN 364,A,O,3.6245623
Aspartic Acid 368,A,N,ASP 365,A,O,3.6994789
Aspartic Acid 368,A,CB,LEU 367,A,C,3.719908
Aspartic Acid 368,A,OD1,GLN 364,A,CD,3.772896
Aspartic Acid 368,A,O,LYS 370,A,N,3.8239117
Aspartic Acid 368,A,CA,GLY 369,A,CA,3.8547294
Aspartic Acid 368,A,CA,LEU 367,A,CA,3.8625863
Aspartic Acid 368,A,OD2,GLN 364,A,C,3.8899298
Aspartic Acid 368,A,OD2,GLN 364,A,CD,3.9551091
Aspartic Acid 368,A,CG,GLN 364,A,CG,3.9583662
Aspartic Acid 368,A,OD1,LEU 367,A,C,3.9612815
Aspartic Acid 368,A,N,GLN 364,A,C,3.968046
Aspartic Acid 368,A,CB,ASP 365,A,O,3.9879534
Aspartic Acid 368,A,C,ASP 365,A,O,3.9933054
