Target_Residue,Target_Chain,Query_Atom,Neighbor_Residue,Neighbor_Chain,Neighbor_Atom,Distance_Angstroms
Methionine 4,A,C,THR 5,A,N,1.3301809
Methionine 4,A,N,VAL 3,A,C,1.3316265
Methionine 4,A,O,THR 5,A,N,2.235267
Methionine 4,A,N,VAL 3,A,O,2.2543411
Methionine 4,A,N,VAL 3,A,CA,2.431315
Methionine 4,A,CA,THR 5,A,N,2.4441235
Methionine 4,A,C,THR 5,A,CA,2.4715135
Methionine 4,A,CA,VAL 3,A,C,2.4719195
Methionine 4,A,O,THR 5,A,CA,2.8017757
Methionine 4,A,CA,VAL 3,A,O,2.8377383
Methionine 4,A,CE,CYS 23,A,SG,3.3568013
Methionine 4,A,C,THR 5,A,C,3.3702352
Methionine 4,A,C,VAL 3,A,C,3.379177
Methionine 4,A,N,THR 5,A,N,3.3936546
Methionine 4,A,N,VAL 3,A,CG1,3.420773
Methionine 4,A,CG,THR 102,A,OG1,3.4253352
Methionine 4,A,N,VAL 3,A,CB,3.435059
Methionine 4,A,SD,SER 25,A,CB,3.4559171
Methionine 4,A,N,VAL 3,A,N,3.4715946
Methionine 4,A,CA,ARG 24,A,O,3.4821897
Methionine 4,A,CE,LEU 38,A,CD1,3.5125387
Methionine 4,A,O,GLY 104,A,CA,3.5356143
Methionine 4,A,CB,THR 5,A,N,3.5480015
Methionine 4,A,CB,GLY 104,A,N,3.5517485
Methionine 4,A,C,ARG 24,A,O,3.556429
Methionine 4,A,CB,VAL 3,A,C,3.6083562
Methionine 4,A,C,THR 5,A,CB,3.622352
Methionine 4,A,CB,PHE 103,A,C,3.626563
Methionine 4,A,CB,PHE 103,A,O,3.6290944
Methionine 4,A,O,THR 5,A,C,3.6623254
Methionine 4,A,SD,GLN 95,A,CG,3.689883
Methionine 4,A,C,THR 5,A,OG1,3.6987638
Methionine 4,A,C,VAL 3,A,O,3.7202048
Methionine 4,A,N,VAL 2,A,O,3.7658317
Methionine 4,A,CG,VAL 3,A,C,3.807835
Methionine 4,A,CB,GLY 104,A,CA,3.8113458
Methionine 4,A,SD,SER 25,A,CA,3.8137894
Methionine 4,A,CA,VAL 3,A,CA,3.827888
Methionine 4,A,CA,THR 5,A,CA,3.8443966
Methionine 4,A,O,PHE 103,A,O,3.8572042
Methionine 4,A,CG,THR 102,A,O,3.872261
Methionine 4,A,SD,GLN 95,A,CB,3.9042556
Methionine 4,A,O,GLN 6,A,N,3.91613
Methionine 4,A,N,VAL 2,A,C,3.9749682
Methionine 172,A,N,GLY 171,A,C,1.3301896
Methionine 172,A,C,ILE 173,A,N,1.3326542
Methionine 172,A,O,ILE 173,A,N,2.2544026
Methionine 172,A,N,GLY 171,A,O,2.2630808
Methionine 172,A,N,GLY 171,A,CA,2.4049373
Methionine 172,A,CA,ILE 173,A,N,2.4383514
Methionine 172,A,CA,GLY 171,A,C,2.4572718
Methionine 172,A,C,ILE 173,A,CA,2.4813774
Methionine 172,A,N,ARG 181,A,O,2.8301191
Methionine 172,A,CA,GLY 171,A,O,2.8310997
Methionine 172,A,O,ILE 173,A,CA,2.8511136
Methionine 172,A,O,ARG 181,A,N,2.8642597
Methionine 172,A,CA,MET 156,A,O,3.2028506
Methionine 172,A,CB,ILE 173,A,N,3.235948
Methionine 172,A,CB,GLY 171,A,C,3.3472893
Methionine 172,A,C,ILE 173,A,CB,3.4076874
Methionine 172,A,O,ARG 181,A,O,3.4615192
Methionine 172,A,CG,TRP 155,A,CE3,3.4651155
Methionine 172,A,O,VAL 180,A,CA,3.4805634
Methionine 172,A,C,MET 156,A,O,3.5344775
Methionine 172,A,CB,ASN 157,A,OD1,3.5467036
Methionine 172,A,C,ILE 173,A,C,3.6033998
Methionine 172,A,C,GLY 171,A,C,3.612351
Methionine 172,A,CB,GLY 171,A,O,3.6140866
Methionine 172,A,N,ILE 173,A,N,3.6220245
Methionine 172,A,N,LEU 192,A,CD1,3.625589
Methionine 172,A,O,VAL 180,A,C,3.6427407
Methionine 172,A,N,GLY 171,A,N,3.6638381
Methionine 172,A,O,ILE 173,A,CB,3.672431
Methionine 172,A,CB,MET 156,A,O,3.6730232
Methionine 172,A,C,LEU 192,A,CD1,3.6932342
Methionine 172,A,O,LEU 192,A,CD1,3.7145026
Methionine 172,A,CG,TRP 155,A,CZ3,3.7407634
Methionine 172,A,CA,GLY 171,A,CA,3.7966464
Methionine 172,A,O,ARG 181,A,CA,3.801406
Methionine 172,A,CG,ARG 181,A,CB,3.8159971
Methionine 172,A,CA,ILE 173,A,CA,3.8394299
Methionine 172,A,CG,ARG 181,A,O,3.8564692
Methionine 172,A,CE,ASN 157,A,OD1,3.8673816
Methionine 172,A,SD,TRP 155,A,CE3,3.872139
Methionine 172,A,CB,TRP 155,A,CE3,3.8791118
Methionine 172,A,C,TRP 155,A,CE3,3.8795743
Methionine 172,A,O,ARG 181,A,C,3.8873382
Methionine 172,A,O,TRP 155,A,CZ3,3.8911242
Methionine 172,A,CA,ARG 181,A,O,3.9102347
Methionine 172,A,O,VAL 180,A,CG1,3.9398992
Methionine 172,A,N,ARG 181,A,C,3.9435072
Methionine 172,A,CG,ILE 173,A,N,3.94655
Methionine 172,A,CA,LEU 192,A,CD1,3.9717321
Methionine 172,A,O,GLY 171,A,C,3.9736094
Methionine 172,A,O,GLU 179,A,O,3.9936519
Methionine 411,A,C,THR 412,A,N,1.3309193
Methionine 411,A,N,GLU 410,A,C,1.3346136
Methionine 411,A,N,GLU 410,A,O,2.2346156
Methionine 411,A,O,THR 412,A,N,2.2354424
Methionine 411,A,C,THR 412,A,CA,2.4692504
Methionine 411,A,N,GLU 410,A,CA,2.4700863
Methionine 411,A,CA,THR 412,A,N,2.4801755
Methionine 411,A,CA,GLU 410,A,C,2.4851103
Methionine 411,A,N,GLU 410,A,N,2.7919369
Methionine 411,A,O,THR 412,A,CA,2.792535
Methionine 411,A,N,THR 412,A,N,2.8072648
Methionine 411,A,CA,GLU 410,A,O,2.8095727
Methionine 411,A,C,GLU 410,A,O,3.0813937
Methionine 411,A,C,GLU 410,A,C,3.156828
Methionine 411,A,C,THR 412,A,C,3.210214
Methionine 411,A,N,GLU 409,A,C,3.2306774
Methionine 411,A,O,LYS 467,A,CD,3.2363245
Methionine 411,A,O,LYS 467,A,NZ,3.2875764
Methionine 411,A,C,LYS 413,A,N,3.311561
Methionine 411,A,O,THR 412,A,C,3.3205733
Methionine 411,A,N,GLU 409,A,O,3.3235934
Methionine 411,A,N,SER 407,A,O,3.3279395
Methionine 411,A,N,GLU 410,A,CB,3.3729737
Methionine 411,A,N,ARG 408,A,O,3.4030533
Methionine 411,A,CB,ARG 408,A,O,3.4271333
Methionine 411,A,CG,SER 407,A,O,3.45801
Methionine 411,A,CB,THR 412,A,N,3.5102232
Methionine 411,A,O,LYS 413,A,N,3.6213272
Methionine 411,A,C,THR 412,A,CB,3.7308338
Methionine 411,A,CB,GLU 410,A,C,3.747919
Methionine 411,A,SD,VAL 416,A,CG1,3.7966359
Methionine 411,A,CE,TRP 470,A,CD1,3.8076782
Methionine 411,A,CA,THR 412,A,CA,3.8644376
Methionine 411,A,CA,ARG 408,A,O,3.866034
Methionine 411,A,CA,GLU 410,A,CA,3.8729806
Methionine 411,A,O,LYS 467,A,CE,3.8757808
Methionine 411,A,O,LYS 413,A,O,3.894586
Methionine 411,A,N,ARG 408,A,C,3.9000983
Methionine 411,A,SD,TRP 470,A,CD1,3.9040892
Methionine 411,A,O,GLU 410,A,O,3.9996123
Asparagine 368,A,N,LEU 367,A,C,1.3317736
Asparagine 368,A,C,GLY 369,A,N,1.3570952
Asparagine 368,A,N,LEU 367,A,O,2.2497625
Asparagine 368,A,O,GLY 369,A,N,2.2613156
Asparagine 368,A,N,LEU 367,A,CA,2.4692028
Asparagine 368,A,CA,LEU 367,A,C,2.4729042
Asparagine 368,A,C,GLY 369,A,CA,2.4753735
Asparagine 368,A,CA,GLY 369,A,N,2.4843767
Asparagine 368,A,N,GLY 369,A,N,2.7633126
Asparagine 368,A,O,GLY 369,A,CA,2.8121006
Asparagine 368,A,N,LEU 367,A,N,2.8175085
Asparagine 368,A,CA,LEU 367,A,O,2.8226142
Asparagine 368,A,N,GLN 364,A,O,2.8742359
Asparagine 368,A,OD1,GLN 364,A,NE2,2.93237
Asparagine 368,A,CG,GLN 364,A,O,3.0547228
Asparagine 368,A,CB,GLN 364,A,O,3.1913145
Asparagine 368,A,ND2,GLN 364,A,O,3.2288425
Asparagine 368,A,C,LEU 367,A,C,3.233721
Asparagine 368,A,N,TRP 366,A,C,3.268951
Asparagine 368,A,C,GLY 369,A,C,3.2710233
Asparagine 368,A,N,LEU 367,A,CB,3.320998
Asparagine 368,A,O,GLY 369,A,C,3.3326387
Asparagine 368,A,N,TRP 366,A,O,3.333712
Asparagine 368,A,C,LEU 367,A,O,3.3385162
Asparagine 368,A,C,LYS 370,A,N,3.5100253
Asparagine 368,A,ND2,GLN 364,A,CG,3.5323381
Asparagine 368,A,N,ASP 365,A,O,3.5348253
Asparagine 368,A,CB,GLY 369,A,N,3.5477493
Asparagine 368,A,CG,GLN 364,A,NE2,3.56585
Asparagine 368,A,OD1,GLN 364,A,O,3.5677273
Asparagine 368,A,ND2,GLN 364,A,NE2,3.6148784
Asparagine 368,A,CA,GLN 364,A,O,3.6383743
Asparagine 368,A,CB,LEU 367,A,C,3.6982543
Asparagine 368,A,O,LYS 370,A,N,3.7491758
Asparagine 368,A,C,ASP 365,A,O,3.852003
Asparagine 368,A,CA,LEU 367,A,CA,3.8595102
Asparagine 368,A,CA,GLY 369,A,CA,3.859832
Asparagine 368,A,CB,ASP 365,A,O,3.8723469
Asparagine 368,A,CA,ASP 365,A,O,3.9176385
Asparagine 368,A,N,ASP 365,A,C,3.9571474
Asparagine 368,A,OD1,GLN 364,A,CD,3.963136
Asparagine 368,A,OD1,LEU 367,A,C,3.96999
Asparagine 368,A,N,GLN 364,A,C,3.9959004
